url,title,date,domain,language,country_1_iso3,country_2_iso3,sentiment,fetched_at
https://timesofindia.indiatimes.com/defence/news/one-year-after-operation-sindoor-a-retribution-that-reshaped-indias-war-doctrine-and-firepower/articleshow/130862363.cms,One year after Operation Sindoor : A retribution that reshaped India war doctrine and firepower,20260507T063000Z,timesofindia.indiatimes.com,English,IND,FRA,0.0,2026-05-07T19:29:04.304326
https://finance.yahoo.com/markets/commodities/articles/sugar-prices-climb-brazilian-real-183019973.html,Sugar Prices Climb on Brazilian Real Strength,20260507T060000Z,finance.yahoo.com,English,IND,BRA,0.0,2026-05-07T19:28:53.654832
https://talkingpointsmemo.com/news/the-iran-war-may-be-the-beginning-of-the-end-of-fossil-fuel-dominance,The Iran War May Be the Beginning of the End of Fossil Fuel Dominance,20260506T201500Z,talkingpointsmemo.com,English,IND,BEL,0.0,2026-05-07T19:29:56.428357
https://oilprice.com/Energy/Energy-General/The-Central-Asian-Corridor-Powering-Russias-Wartime-Trade.html,The Central Asian Corridor Powering Russia Wartime Trade,20260506T194500Z,oilprice.com,English,IND,RUS,0.0,2026-05-07T19:28:40.375251
https://vietnamnews.vn/society/1780807/opening-of-vietnam-medi-pharm-vietmedicare-expo-2026.html,Opening of Vietnam Medi - pharm - Vietmedicare Expo 2026,20260506T120000Z,vietnamnews.vn,English,IND,BEL,0.0,2026-05-07T19:29:56.428324
https://www.thehindu.com/business/Economy/russias-share-in-indian-oil-imports-jumped-in-march-but-discount-turned-into-a-premium/article70946888.ece,"Russia share in Indian oil imports jumped in March , but discount turned into a premium",20260506T114500Z,thehindu.com,English,IND,RUS,0.0,2026-05-07T19:28:40.375218
https://www.downtoearth.org.in/africa/agricultural-research-africa-got-8-of-global-expenditure,"Africa Gets Just 8 % of Global Agricultural R & D Funding Despite 13 % of Researchers , FAO Data Shows",20260506T114500Z,downtoearth.org.in,English,IND,BEL,0.0,2026-05-07T19:29:56.428336
https://www.newkerala.com/news/a/us-trade-gap-widens-india-deficit-narrows-526.htm,US Trade Deficit Widens in March ; India Gap Narrows,20260506T113000Z,newkerala.com,English,IND,USA,0.0,2026-05-07T19:28:22.058820
https://www.newkerala.com/news/a/indias-steel-exports-surge-291-per-cent-amid-316.htm,India Steel Exports Surge 29 . 1 % in March 2026,20260506T084500Z,newkerala.com,English,IND,BEL,0.0,2026-05-07T19:29:56.428276
https://economictimes.indiatimes.com/news/economy/policy/india-nuts-srews-fastener-qco-bis-certification-msme-compliance-costs-make-in-india-manufacturing-supply-chain-disruption-gtri-report/articleshow/130846020.cms,A 1 % problem that can derail India factory lines as tiny screws throw big tantrums,20260506T073000Z,economictimes.indiatimes.com,English,IND,DEU,0.0,2026-05-07T19:29:35.644206
https://finance.yahoo.com/markets/commodities/articles/soaring-gasoline-prices-lift-ethanol-163217244.html,Soaring Gasoline Prices Lift Ethanol and Boost Sugar Prices,20260506T040000Z,finance.yahoo.com,English,IND,BRA,0.0,2026-05-07T19:28:53.654903
https://www.aljazeera.com/news/2026/5/5/why-europes-car-industry-is-at-the-centre-of-a-new-us-trade-war,Why Europe car industry is at the centre of a new US trade war | Trade War News,20260505T144500Z,aljazeera.com,English,IND,DEU,0.0,2026-05-07T19:29:35.644230
https://www.finanznachrichten.de/nachrichten-2026-05/68399166-future-market-insights-global-medical-plastics-market-forecast-2026-2036-usa-germany-top-companies-dow-inc-evonik-shape-future-008.htm,"Future Market Insights : Global Medical Plastics Market Forecast 2026 - 2036 : united states , Germany & Top Companies Dow Inc ., Evonik Shape Future",20260505T143000Z,finanznachrichten.de,English,IND,BEL,0.0,2026-05-07T19:29:56.428347
https://www.thedailystar.net/slow-reads/big-picture/news/indias-top-heavy-boom-and-the-lesson-bangladesh-4168031,India Jobless Growth Problem | India Top - Heavy Boom and Bangladesh Lesson | India vs Bangladesh Economic Development,20260505T123000Z,thedailystar.net,English,IND,BEL,0.0,2026-05-07T19:29:56.428305
https://www.newkerala.com/news/a/piyush-goyal-meets-officials-review-progress-ftas-charts-672.htm,India FTA Progress Review : Piyush Goyal Export Strategy,20260505T093000Z,newkerala.com,English,IND,USA,0.0,2026-05-07T19:28:22.058807
https://www.thedailystar.net/slow-reads/big-picture/news/indias-top-heavy-boom-and-bangladeshs-lesson-4168031,India Top - Heavy Boom and Bangladesh Lesson,20260505T083000Z,thedailystar.net,English,IND,BEL,0.0,2026-05-07T19:29:56.428314
https://timesofindia.indiatimes.com/etimes/trending/meet-krishna-a-bull-from-gujarat-who-is-credited-for-80-production-of-brazils-milk-since-1960/articleshow/130816238.cms,Meet Krishna : A bull from Gujarat who is credited for 80 % production of Brazil milk since 1960,20260505T051500Z,timesofindia.indiatimes.com,English,IND,BRA,0.0,2026-05-07T19:28:53.654913
https://www.ft.lk/columns/Sri-Lanka-s-800-m-opportunity-next-door/4-791443,Sri Lanka $ 800 m opportunity next door,20260505T031500Z,ft.lk,English,IND,USA,0.0,2026-05-07T19:28:22.058769
https://economictimes.indiatimes.com/news/economy/foreign-trade/pharma-exports-surpass-31-billion-in-fy26-despite-global-headwinds/articleshow/130810586.cms,Pharma exports surpass $31 billion in FY26 despite global headwinds,20260504T200000Z,economictimes.indiatimes.com,English,IND,BEL,0.0,2026-05-07T19:29:56.428294
https://www.dailysabah.com/business/economy/turkiyes-exports-to-eu-rise-63-to-top-35b-in-4-months-of-2026,Türkiye exports to EU rise 6 . 3 % to top $35B in 4 months of 2026,20260504T151500Z,dailysabah.com,English,IND,DEU,0.0,2026-05-07T19:29:35.644239
https://www.moneycontrol.com/technology/apple-intensifies-crackdown-on-grey-market-iphone-exports-terminates-distributors-and-tightens-retail-rules-article-13907345.html,"Apple intensifies crackdown on grey market iPhone exports , terminates distributors and tightens retail rules",20260504T074500Z,moneycontrol.com,English,IND,RUS,0.0,2026-05-07T19:28:40.375231
https://theindianawaaz.com/bangladeshs-trade-pattern-changes-with-us-surpassing-india/,Bangladesh Trade Pattern Changes with US Surpassing India – The Indian Awaaz,20260503T174500Z,theindianawaaz.com,English,IND,USA,0.0,2026-05-07T19:28:22.058792
https://www.businessworld.in/article/why-an-indian-plantation-labour-dispute-landed-at-the-ilo-605187,Why An Indian Plantation Labour Dispute Landed At The ILO,20260503T161500Z,businessworld.in,English,IND,DEU,0.0,2026-05-07T19:29:35.644190
https://www.jagranjosh.com/general-knowledge/which-nine-ftas-has-india-signed-in-the-last-six-years-1820008471-1,Which Nine FTAs has India Signed in the Last Six Years ? ,20260503T110000Z,jagranjosh.com,English,IND,USA,0.0,2026-05-07T19:28:22.058834
https://organiser.org/2026/05/03/351423/world/india-new-zealand-fta-diversifying-the-strategic-destiny-amid-geopolitical-upheavals/,India - New Zealand FTA to navigate geopolitical upheavals,20260503T104500Z,organiser.org,English,IND,USA,0.0,2026-05-07T19:28:22.058828
https://www.dailyexcelsior.com/india-new-zealand-fta-farmers-union-fears-adverse-impact/,India - New Zealand FTA : Farmer Union Fears Adverse Impact,20260503T010000Z,dailyexcelsior.com,English,IND,USA,0.0,2026-05-07T19:28:22.058841
https://oilprice.com/Energy/Energy-General/Russias-Oil-Revenues-Surge-as-the-World-Scrambles-for-Supply.html,Russia Oil Revenues Surge as the World Scrambles for Supply,20260502T214500Z,oilprice.com,English,IND,RUS,0.0,2026-05-07T19:28:40.375228
https://www.newscentralasia.net/tag/afghanistan/,Afghanistan Archives - News Central Asia ( nCa ) ,20260502T173000Z,newscentralasia.net,English,IND,BEL,0.0,2026-05-07T19:29:56.428366
https://phnompenhpost.com/national/nepali-tea-exporters-in-hot-water-as-india-toughens-import-rules-2/,Nepali tea exporters in hot water as India toughens import rules,20260502T163000Z,phnompenhpost.com,English,IND,DEU,0.0,2026-05-07T19:29:35.644173
https://www.bnnbloomberg.ca/tariffs/2026/05/02/canada-looking-to-wrap-a-trio-of-trade-deals-this-year-minister/,Canada looking to wrap a trio of trade deals this year : minister,20260502T153000Z,bnnbloomberg.ca,English,IND,BRA,0.0,2026-05-07T19:28:53.654931
https://www.stcatharinesstandard.ca/news/canada/canada-looking-to-wrap-a-trio-of-trade-deals-this-year-minister/article_4fdb0a38-9677-5673-8ccc-419db4cab156.html,Canada looking to wrap a trio of trade deals this year : minister,20260502T153000Z,stcatharinesstandard.ca,English,IND,BRA,0.0,2026-05-07T19:28:53.654948
https://www.prokerala.com/news/articles/a1758010.html,"Gujarat : MSME Conclave highlights technology , trade , supply chains​",20260502T151500Z,prokerala.com,English,IND,RUS,0.0,2026-05-07T19:28:40.375238
http://www.britainnews.net/news/279025355/india-active-in-engaging-with-key-players-to-make-sure-its-interests-are-secured-says-australian-envoy,"  India active in engaging with key players to make sure its interests are secured , says Australian Envoy",20260502T143000Z,britainnews.net,English,IND,FRA,0.0,2026-05-07T19:29:04.304310
http://www.parisguardian.com/news/279025355/india-active-in-engaging-with-key-players-to-make-sure-its-interests-are-secured-says-australian-envoy,"  India active in engaging with key players to make sure its interests are secured , says Australian Envoy",20260502T141500Z,parisguardian.com,English,IND,FRA,0.0,2026-05-07T19:29:04.304295
https://www.winnipegfreepress.com/business/2026/05/02/canada-looking-to-wrap-a-trio-of-trade-deals-this-year-minister,Canada looking to wrap a trio of trade deals this year : minister – Winnipeg Free Press,20260502T130000Z,winnipegfreepress.com,English,IND,BRA,0.0,2026-05-07T19:28:53.654940
http://www.heraldglobe.com/news/279025355/india-active-in-engaging-with-key-players-to-make-sure-its-interests-are-secured-says-australian-envoy,"  India active in engaging with key players to make sure its interests are secured , says Australian Envoy",20260502T120000Z,heraldglobe.com,English,IND,FRA,0.0,2026-05-07T19:29:04.304303
http://www.australiannews.net/news/279025355/india-active-in-engaging-with-key-players-to-make-sure-its-interests-are-secured-says-australian-envoy,"  India active in engaging with key players to make sure its interests are secured , says Australian Envoy",20260502T114500Z,australiannews.net,English,IND,FRA,0.0,2026-05-07T19:29:04.304278
http://www.azerbaijannews.net/news/279025355/india-active-in-engaging-with-key-players-to-make-sure-its-interests-are-secured-says-australian-envoy,"  India active in engaging with key players to make sure its interests are secured , says Australian Envoy",20260502T114500Z,azerbaijannews.net,English,IND,FRA,0.0,2026-05-07T19:29:04.304287
http://www.bignewsnetwork.com/news/279025355/india-active-in-engaging-with-key-players-to-make-sure-its-interests-are-secured-says-australian-envoy,"  India active in engaging with key players to make sure its interests are secured , says Australian Envoy",20260502T110000Z,bignewsnetwork.com,English,IND,FRA,0.0,2026-05-07T19:29:04.304235
https://www.2lt.com.au/india-active-in-engaging-with-key-players-to-make-sure-its-interests-are-secured-says-australian-envoy/,"  India active in engaging with key players to make sure its interests are secured , says Australian Envoy",20260502T110000Z,2lt.com.au,English,IND,FRA,0.0,2026-05-07T19:29:04.304250
http://www.chinanationalnews.com/news/279025355/india-active-in-engaging-with-key-players-to-make-sure-its-interests-are-secured-says-australian-envoy,"  India active in engaging with key players to make sure its interests are secured , says Australian Envoy",20260502T110000Z,chinanationalnews.com,English,IND,FRA,0.0,2026-05-07T19:29:04.304259
https://www.thesouthafrican.com/business/south-african-trade-surplus-soared-58-3/,South African trade surplus soared 58 . 3 % ,20260501T184500Z,thesouthafrican.com,English,IND,DEU,0.0,2026-05-07T19:29:35.644145
https://timesofindia.indiatimes.com/business/international-business/us-raises-tariff-on-eu-cars-trucks-trump-claims-bloc-not-complying-with-trade-deal/articleshow/130682003.cms,"US raises tariff on EU cars , trucks : Trump claims bloc not complying with trade deal",20260501T174500Z,timesofindia.indiatimes.com,English,IND,USA,0.0,2026-05-07T19:28:22.058800
https://www.insidenova.com/news/national/blockbuster-eu-mercosur-trade-deal-enters-into-force/article_288b1e89-dcd7-50ce-aec7-c87b0bf6b770.html,Blockbuster EU - Mercosur trade deal enters into force,20260501T174500Z,insidenova.com,English,IND,DEU,0.0,2026-05-07T19:29:35.644182
https://www.fdiintelligence.com/content/d8f0dff8-5445-4a55-afcd-d998d1824067,fDi Intelligence – Your source for foreign direct investment information,20260501T131500Z,fdiintelligence.com,English,IND,DEU,0.0,2026-05-07T19:29:35.644215
https://www.thehindubusinessline.com/blexplainer/uaes-opec-exit-could-be-advantage-india-in-the-long-term/article70928258.ece,UAE OPEC exit could be advantage India in the long - term,20260501T123000Z,thehindubusinessline.com,English,IND,BRA,0.0,2026-05-07T19:28:53.654858
https://www.hurriyetdailynews.com/blockbuster-eu-mercosur-trade-deal-enters-into-force-221711,Blockbuster EU - Mercosur trade deal enters into force,20260501T113000Z,hurriyetdailynews.com,English,IND,DEU,0.0,2026-05-07T19:29:35.644198
https://dailypioneer.com/news/india-new-zealand-free-trade-agreement-steps-towards-a-developed-nation-with-self-confidence,India - New Zealand FTA Marks New Push for Trade and Investment,20260501T074500Z,dailypioneer.com,English,IND,USA,0.0,2026-05-07T19:28:22.058784
https://www.hindustantimes.com/lifestyle/brunch/rude-food-by-vir-sanghvi-choc-it-up-to-snobbery-101777576241489.html,Rude Food by Vir Sanghvi : Choc it up to snobbery,20260501T013000Z,hindustantimes.com,English,IND,BEL,0.0,2026-05-07T19:29:56.428375
https://timesofindia.indiatimes.com/business/india-business/indias-crude-imports-in-april-85-of-february-level-russia-largest-source/articleshow/130658896.cms,"India Crude Imports : India crude imports in April 85 % of February level , Russia largest source",20260430T233000Z,timesofindia.indiatimes.com,English,IND,RUS,0.0,2026-05-07T19:28:40.375234
https://indianexpress.com/section/business/commodities/,Commodities,20260430T211500Z,indianexpress.com,English,IND,RUS,0.0,2026-05-07T19:28:40.375224
https://www.prokerala.com/news/articles/a1757210.html,India clocks 20 per cent export growth in 3 weeks of April despite West Asia crisis,20260430T140000Z,prokerala.com,English,IND,USA,0.0,2026-05-07T19:28:22.058813
https://kaos911.com/XAF/detail/129/iYbBotrh.html,6秒懂 !! ,20260406T220000Z,kaos911.com,Chinese,CHN,JPN,0.0,2026-04-07T08:24:19.779443
https://www.zawya.com/en/economy/global/chicago-wheat-and-corn-drop-on-weak-export-demand-y7d7rsxs,Chicago wheat and corn drop on weak export demand,20260406T213000Z,zawya.com,English,IND,SGP,0.0,2026-04-07T07:53:17.977320
http://www.nashfm923krst.com/html/428b5899513.html,平行进口流程的底层逻辑拆解 层逻以  EV - WIND  名义销售 - 奉若神明网,20260406T203000Z,nashfm923krst.com,Chinese,DEU,CHN,0.0,2026-04-07T08:24:07.228333
https://www.rfdtv.com/china-pork-demand-shifts-reshape-global-trade-outlook,China Pork Demand Shifts Reshape Global Trade Outlook,20260406T171500Z,rfdtv.com,English,USA,CHN,0.0,2026-04-07T08:23:38.589265
https://hindi.business-standard.com/companies/us-imposes-100pc-tariff-on-select-pharma-imports-temporary-relief-for-indian-generics-id-516653,"US Pharma Tariffs : Pharma Sector : US का फार्मा वार , भारतीय दवा कंपनियों पर कितना पड़ेगा असर ?- us imposes 100pc tariff on select pharma imports temporary relief for indian generics",20260406T134500Z,hindi.business-standard.com,Hindi,IND,SGP,0.0,2026-04-07T07:53:17.977379
https://www.businessworld.in/article/west-asia-conflict-may-add-0-5-gdp-fiscal-burden-to-india-careedge-600948,West Asia Conflict May Add 0 . 5 % GDP Fiscal Burden To India : CareEdge,20260406T134500Z,businessworld.in,English,IND,JPN,0.0,2026-04-07T08:20:50.604724
https://n.yam.com/Article/20260406367004,非洲豬瘟防疫成果再獲肯定 臺灣重返亞洲唯一三大豬病非疫國,20260406T084500Z,n.yam.com,Chinese,CHN,JPN,0.0,2026-04-07T08:24:19.779474
https://www.livehindustan.com/business/gold-imports-rise-by-nearly-29-pc-to-usd-69-bn-in-apr-feb-2025-2026-check-all-details-201775399991822.html,"Gold imports rise by nearly 29 pc to USD 69 bn in Apr - Feb 2025 - 2026 , check all details महंगा सोना भी नहीं रोक पाया डिमांड ! भारत में 29 % बढ़ा गोल्ड का इंपोर्ट , इंपोर्ट 69 अरब डॉलर के पार , Business Hindi News",20260405T174500Z,livehindustan.com,Hindi,IND,CHN,0.0,2026-04-07T06:52:38.114748
https://ec.ltn.com.tw/article/breakingnews/5394250,沙烏地曝光新海運路線 台灣1友好國家入榜了,20260405T131500Z,ec.ltn.com.tw,Chinese,IND,HKG,0.0,2026-04-07T07:53:19.925785
https://www.stdaily.com/web/2026-04/05/content_498100.html,开拓全球市场 联通国际循环 学习贯彻习近平总书记全国两会期间关于增强经济韧性重要论述系列述评之二,20260405T120000Z,stdaily.com,Chinese,USA,CHN,0.0,2026-04-06T08:25:45.514745
https://www.fnnews.com/news/202604051415251600,한국 1 · 4분기 수출 2193억달러로 사상 최대 … 올해 일본 넘나,20260405T094500Z,fnnews.com,Korean,CHN,JPN,0.0,2026-04-07T02:55:24.103548
https://finance.ifeng.com/c/8s4FzG1t0cQ,印度时隔七年重启伊朗原油进口 称支付方面未有障碍,20260405T014500Z,finance.ifeng.com,Chinese,IND,HKG,0.0,2026-04-07T07:53:19.925807
http://www.merkur.de/wirtschaft/europas-diesel-wegkauft-tanker-dreht-kurz-vor-europa-ab-warum-asien-zr-94247107.html,Tanker dreht kurz vor Europa ab : Warum Asien Europas Diesel wegkauft,20260404T173000Z,merkur.de,German,IND,DEU,0.0,2026-04-07T07:53:18.499975
https://www.thereporterethiopia.com/50076/,"Double Taxation , Contraband Eat Into Khat , Oilseed Export Earnings",20260404T120000Z,thereporterethiopia.com,English,IND,SGP,0.0,2026-04-07T07:53:17.977397
https://ec.ltn.com.tw/article/breakingnews/5393409,載著伊朗石油的油輪遭爆 「 棄印投中 」 60萬桶全送往中國,20260404T120000Z,ec.ltn.com.tw,Chinese,IND,HKG,0.0,2026-04-07T07:53:19.925796
https://n.yam.com/Article/20260404116644, 「 臺灣祭 」 閃耀日本 ！ 臺灣金鑽鳳梨與創意料理驚豔東京,20260404T093000Z,n.yam.com,Chinese,CHN,JPN,0.0,2026-04-06T17:58:06.543183
http://mp.cnfol.com/36641/article/1775170594-142343175,对华贸易逆差1100亿美元 ， 暴露  印度制造  的核心短板 _ 中金在线财经号,20260403T230000Z,mp.cnfol.com,Chinese,IND,CHN,0.0,2026-04-07T06:52:38.114802
https://news.webindia123.com/news/Articles/Business/20260403/4434943.html,India seafood exports : From growth to global competitiveness,20260403T180000Z,news.webindia123.com,English,IND,USA,0.0,2026-04-07T06:52:08.833970
https://www.thehindu.com/business/patented-drug-tariffs-india-more-or-less-shielded-says-gtri/article70821010.ece,"Patented drug tariffs : India more or less shielded , says GTRI",20260403T174500Z,thehindu.com,English,IND,DEU,0.0,2026-04-07T07:53:18.499956
https://udn.com/news/story/6656/9421558,美進口專利藥課100 % 關稅 我未列優惠待遇國 | 輸美藥品課重稅 | 要聞,20260403T174500Z,udn.com,Chinese,CHN,JPN,0.0,2026-04-07T08:24:19.779464
https://www.thehindubusinessline.com/news/no-us-tariffs-on-generic-drugs-for-now-patented-drugs-face-100-tariffs-with-caveats/article70819169.ece,"No US tariffs on generic drugs , for now ; patented drugs face 100 % tariffs , with caveats",20260403T113000Z,thehindubusinessline.com,English,IND,GBR,0.0,2026-04-06T21:29:44.825181
https://www.channelnewsasia.com/asia/india-exporters-uncertainty-usa-tariffs-trade-stable-markets-6035096,US tariff uncertainty pushes Indian exporters to more stable markets like Japan,20260403T110000Z,channelnewsasia.com,English,IND,USA,0.0,2026-04-07T06:52:08.833901
http://www.japanherald.com/news/278961877/india-and-china-hold-trade-expansion-talks,India and China hold trade expansion talks,20260403T094500Z,japanherald.com,English,IND,CHN,0.0,2026-04-07T06:52:38.114812
https://www.epochtimes.com/b5/26/4/3/n14733890.htm,美情報揭伊朗藉中港企獲取無人機零件 | 制裁 | 供應鏈 | 見證者 - 136,20260403T080000Z,epochtimes.com,Chinese,IND,HKG,0.0,2026-04-07T07:53:19.925857
https://epravda.com.ua/svit/yak-mita-trampa-u-2025-roci-zminili-svitovu-torgivlyu-ta-ekonomiku-ssha-819964/,Як мита Трампа у 2025 році змінили світову торгівлю та економіку США,20260403T060000Z,epravda.com.ua,Ukrainian,CHN,JPN,0.0,2026-04-07T08:24:19.779409
https://www.khaskhabar.com/news/world-news/news-new-trade-deals-including-one-with-india-have-helped-reduce-us-deficit--white-house-news-hindi-1-803162-KKN.html,"New Trade Deals , Including One with India , Have Helped Reduce U . S . Deficit : White House",20260403T044500Z,khaskhabar.com,Hindi,IND,JPN,0.0,2026-04-07T08:20:50.604821
https://hea.china.com/articles/20260403/202604031839395.html,欧美买家预登记量激增三成 中国消费电子类厂家赴港迎  大考 _ 中华网,20260403T041500Z,hea.china.com,Chinese,IND,HKG,0.0,2026-04-07T07:53:19.925827
https://www.punjabkesari.com/top-news/india-america-trade-gap-causes/,"India America Trade Gap Causes : पिछले 12 महीनों में भारत - अमेरिका व्यापार घाटा , क्या हैं इसके पीछे की असली वजह ? ",20260403T041500Z,punjabkesari.com,Hindi,IND,CHN,0.0,2026-04-07T06:52:38.114769
https://www.hna.de/wirtschaft/wegkauft-tanker-dreht-kurz-vor-europa-ab-warum-asien-europas-diesel-zr-94247107.html,Tanker dreht kurz vor Europa ab : Warum Asien Europas Diesel wegkauft,20260403T041500Z,hna.de,German,IND,DEU,0.0,2026-04-03T23:15:05.355235
https://udn.com/news/story/7333/9420447,據 《 全球貿易展望與統計 》 報告 香港升為全球商品貿易第五大經濟體 | 陸港經貿 | 兩岸,20260403T021500Z,udn.com,Chinese,DEU,CHN,0.0,2026-04-07T01:27:10.815010
https://news.ycwb.com/ikimvkotkh/content_54044901.htm,优思益  假洋牌  风波背后 ： 进口保健品仍主导高端市场,20260403T003000Z,news.ycwb.com,Chinese,DEU,CHN,0.0,2026-04-07T08:24:07.228212
https://finance.sina.com.cn/tech/roll/2026-04-03/doc-inhteptm8910388.shtml,广交会境外采购商预登记人数已超17万,20260403T003000Z,finance.sina.com.cn,Chinese,DEU,CHN,0.0,2026-04-07T08:24:07.228252
https://www.newindianexpress.com/business/2026/Apr/02/india-china-had-good-start-on-trade-discussions-on-sidelines-of-wto-meeting-union-minister-goyal,"India , China had  good start  on trade discussions on sidelines of WTO meeting : Union Minister Goyal",20260403T000000Z,newindianexpress.com,English,IND,CHN,0.0,2026-04-07T06:52:38.114779
https://www.deccanchronicle.com/opinion/columnists/sanjeev-ahluwalia-the-economic-resilience-of-india-taking-stock-1948174,Sanjeev Ahluwalia | The Economic Resilience of India : Taking Stock … ,20260402T210000Z,deccanchronicle.com,English,IND,SGP,0.0,2026-04-07T07:53:17.977301
https://economictimes.indiatimes.com/opinion/et-commentary/why-fixing-indias-export-machinery-is-key-to-hitting-the-2-trillion-goal/articleshow/129987306.cms,Why fixing India export machinery is key to hitting the $2 trillion goal,20260402T190000Z,economictimes.indiatimes.com,English,CHN,JPN,0.0,2026-04-07T08:24:19.779484
https://www.haberler.com/ekonomi/abd-nin-dis-ticaret-acigi-subatta-artti-19710106-haberi/,ABDnin dış ticaret açığı şubatta arttı,20260402T140000Z,haberler.com,Turkish,IND,SGP,0.0,2026-04-07T07:53:17.977360
https://udn.com/news/story/7314/9419863,農業部 ： 已在ART爭取我農業最有利條件 排除課徵美SSG關稅不影響產業 | 綜合 | 要聞,20260402T140000Z,udn.com,Chinese,USA,CHN,0.0,2026-04-07T08:23:38.589246
https://www.edaily.co.kr/News/Read?newsId=06592806645412184&mediaCodeNo=257,美 2월 무역적자 573억달러 … 수출 · 수입 동반 증가에도 예상 하회,20260402T140000Z,edaily.co.kr,Korean,USA,CHN,0.0,2026-04-07T08:23:38.589277
https://www.hurriyetdailynews.com/exports-decline-trade-deficit-widens-by-57-percent-in-march-220568,"Exports decline , trade deficit widens by 57 percent in March",20260402T134500Z,hurriyetdailynews.com,English,DEU,CHN,0.0,2026-04-07T08:24:07.228191
https://www.chinatimes.com/realtimenews/20260402004229-260405,對美農產全面開放 ？ 農業部 ： 不影響我國產業發展 - 生活,20260402T131500Z,chinatimes.com,Chinese,USA,CHN,0.0,2026-04-07T08:23:38.589258
https://www.bbc.com/ukrainian/articles/cy41npy12y9o,"Рік тарифів Трампа . Як вони змінили світову економіку , союзників і самі США",20260402T130000Z,bbc.com,Ukrainian,USA,CHN,0.0,2026-04-07T08:23:38.589271
https://www.prokerala.com/news/articles/a1746393.html,"India export growth remains steady despite tariffs , geopolitical tensions : Industry",20260402T123000Z,prokerala.com,English,CHN,JPN,0.0,2026-04-07T08:24:19.779433
https://www.merkur.de/wirtschaft/tanker-dreht-kurz-vor-europa-ab-warum-asien-europas-diesel-wegkauft-zr-94247107.html,Tanker dreht kurz vor Europa ab : Warum Asien Europas Diesel wegkauft,20260402T114500Z,merkur.de,German,IND,DEU,0.0,2026-04-07T07:53:18.499969
https://www.lankadeepa.lk/sunday/politics/%E0%B6%B1%E0%B7%80%E0%B6%B1-%E0%B6%9A%E0%B6%A7%E0%B6%A7-%E0%B6%AF%E0%B6%B1-%E0%B7%84%E0%B6%BB%E0%B7%84%E0%B6%A7/54-690452,Sunday Lankadeepa,20260402T070000Z,lankadeepa.lk,Sinhalese,IND,USA,0.0,2026-04-02T14:34:14.220113
https://economictimes.indiatimes.com/tech/technology/singapore-charges-one-more-individual-with-ai-chip-fraud/articleshow/129968425.cms,Singapore charges one more individual with AI chip fraud,20260402T064500Z,economictimes.indiatimes.com,English,IND,SGP,0.0,2026-04-07T07:53:17.977240
https://www.moneycontrol.com/news/opinion/india-has-crossed-peak-coal-now-the-path-to-peak-oil-will-transform-its-economy-13877135.html,"OPINION | India has crossed peak coal . Now , the path to peak oil will transform its economy",20260402T043000Z,moneycontrol.com,English,IND,DEU,0.0,2026-04-07T07:53:18.499948
https://www.moneycontrol.com/world/if-america-doesn-t-need-middle-eastern-oil-why-is-hormuz-still-a-us-problem-article-13877413.html,"If America doesnt need Middle Eastern oil , why is Hormuz still a US problem ? ",20260402T043000Z,moneycontrol.com,English,IND,JPN,0.0,2026-04-02T14:43:30.446367
https://www.thehindubusinessline.com/opinion/indias-chance-in-supply-chain-reset/article70812439.ece,India chance in supply chain reset - The HinduBusinessLine,20260402T023000Z,thehindubusinessline.com,English,IND,DEU,0.0,2026-04-07T07:53:18.499941
http://www.ftchinese.com/story/001109351,当欧洲人在谈论  中国冲击  时 ， 他们在谈论什么 ？ ,20260402T020000Z,ftchinese.com,Chinese,DEU,CHN,0.0,2026-04-07T08:24:07.228133
https://www.ftchinese.com/story/001109351,当欧洲人在谈论  中国冲击  时 ， 他们在谈论什么 ？ ,20260402T020000Z,ftchinese.com,Chinese,DEU,CHN,0.0,2026-04-07T08:24:07.228167
https://finance.ettoday.net/news/3142552,如果荷莫茲海峽通行費真的開徵 將是航運貿易另一個災難的開始 | ETtoday財經雲,20260401T234500Z,finance.ettoday.net,Chinese,IND,HKG,0.0,2026-04-07T07:53:19.925837
http://www.epochtimes.com.tw/n499558/%E9%80%B2%E5%8F%A3%E8%BB%8A%E5%85%8D%E9%97%9C%E7%A8%85-%E8%B2%A1%E9%83%A8-%E5%BD%B1%E9%9F%BF%E9%97%9C%E7%A8%85368%E5%84%84%E5%85%83.html,進口車免關稅 財部 ： 影響關稅368億元 | 汽車 | 大紀元 | 關稅,20260401T200000Z,epochtimes.com.tw,Chinese,IND,DEU,0.0,2026-04-02T14:43:32.106678
https://vesti-ua.net/novosti/za-rubezhom/281661-poshliny-trampa-chto-izmenila-novaya-politika-ssha.html,Пошлины Трампа : что изменила новая политика США,20260401T180000Z,vesti-ua.net,Russian,IND,CHN,0.0,2026-04-07T06:52:38.114791
https://indiawest.com/indias-handicraft-mango-exports-hit-badly-by-middle-east-war/,"India Handicraft , Mango Exports Hit Badly By Middle East War",20260401T170000Z,indiawest.com,English,IND,HKG,0.0,2026-04-07T07:53:19.925817
https://nasional.kontan.co.id/news/surplus-perdagangan-indonesia-tembus-70-bulan-berturut-turut-as-penopang-utama,"Surplus Perdagangan Indonesia Tembus 70 Bulan Berturut - turut , AS Penopang Utama",20260401T164500Z,nasional.kontan.co.id,Indonesian,IND,SGP,0.0,2026-04-07T07:53:17.977208
https://biz.liga.net/ua/all/energy/novosti/kytay-z-pochatku-roku-prodav-rekordni-obsiahy-lng-do-inshykh-aziyskykh-krain,Китай рекордно збільшив імпорт LNG з початку року | Новини України,20260401T150000Z,biz.liga.net,Ukrainian,CHN,JPN,0.0,2026-04-07T08:24:19.779454
https://money.kompas.com/read/2026/04/01/194534426/ri-antisipasi-krisis-bahan-baku-plastik-bidik-india-hingga-afrika,"RI Antisipasi Krisis Bahan Baku Plastik , Bidik India hingga Afrika",20260401T133000Z,money.kompas.com,Indonesian,IND,SGP,0.0,2026-04-07T07:53:17.977263
https://www.moneycontrol.com/automobile/uk-fta-driven-price-cuts-to-make-land-rover-imports-cheaper-by-up-to-rs-70-lakh-article-13876906.html,UK FTA - driven price cuts to make Land Rover imports cheaper by up to Rs 70 lakh,20260401T124500Z,moneycontrol.com,English,IND,GBR,0.0,2026-04-06T21:29:44.825171
https://biz.liga.net/ua/all/energy/novosti/tanker-z-iranskoiu-naftoiu-priamuie-do-indii-tse-mozhe-buty-pershyy-import-z-2019-roku,Індія могла відновити купівлю іранської нафти після майже семирічної перерви | Новини України,20260401T104500Z,biz.liga.net,Ukrainian,IND,USA,0.0,2026-04-04T16:05:36.664259
https://en.antaranews.com/news/410693/global-markets-turn-to-indonesian-fertilizer-amid-disruptions-govt,Global markets turn to Indonesian fertilizer amid disruptions : Govt,20260401T104500Z,en.antaranews.com,English,IND,JPN,0.0,2026-04-07T08:20:50.604744
https://www.thehindu.com/news/national/us-report-flags-high-import-duties-non-tariff-barriers-in-india/article70810239.ece,"U . S . report flags high import duties , non - tariff barriers in India",20260401T070000Z,thehindu.com,English,IND,USA,0.0,2026-04-07T06:52:08.833886
https://hindi.business-standard.com/companies/industrial/europe-cuts-india-oil-imports-exports-see-record-drop-companies-worried-id-515620,"यूरोप ने घटाई भारत से तेल खरीद , निर्यात में रिकॉर्ड गिरावट ; कंपनियों की बढ़ी चिंता - europe cuts india oil imports exports see record drop companies worried",20260401T050000Z,hindi.business-standard.com,Hindi,IND,DEU,0.0,2026-04-07T07:53:18.499921
https://vietnamnet.vn/en/vietnam-remains-among-fastest-growing-economies-in-southeast-asia-6-2502358.html,Vietnam remains among fastest - growing economies in Southeast Asia - 6,20260401T041500Z,vietnamnet.vn,English,IND,SGP,0.0,2026-04-01T16:48:49.662443
http://www.bignewsnetwork.com/news/278956883/roundup-s-korea-exports-hit-all-time-high-in-march,Roundup : S . Korea exports hit all - time high in March,20260401T041500Z,bignewsnetwork.com,English,IND,JPN,0.0,2026-04-01T15:06:34.957860
https://english.news.cn/asiapacific/20260401/2677947892314f459c3ab3b429933f66/c.html,S . Korea exports hit all - time high in March - Xinhua,20260401T040000Z,english.news.cn,English,IND,JPN,0.0,2026-04-01T12:03:25.172269
http://www.econotimes.com/South-Koreas-Exports-Hit-Record-High-in-March-on-AI-Driven-Chip-Demand-1737849,South Korea Exports Hit Record High in March on AI - Driven Chip Demand,20260401T034500Z,econotimes.com,English,USA,CHN,0.0,2026-04-01T12:05:20.075668
https://ekonomi.bisnis.com/read/20260401/12/1963490/proyeksi-surplus-neraca-dagang-ri-di-tengah-konflik-geopolitik,Proyeksi Surplus Neraca Dagang RI di Tengah Konflik Geopolitik,20260401T033000Z,ekonomi.bisnis.com,Indonesian,IND,SGP,0.0,2026-04-06T20:55:58.135988
https://news.kbs.co.kr/news/pc/view/view.do?ncd=8523837,KBS 뉴스,20260401T024500Z,news.kbs.co.kr,Korean,USA,CHN,0.0,2026-04-02T18:37:48.262833
https://www.ohmynews.com/NWS_Web/View/at_pg.aspx?CNTN_CD=A0003217901&PAGE_CD=N0002&CMPT_CD=M0114,"미국서 인기 있는 한국산 굴 · 김 , 이렇게 만들어지는 거 알까",20260401T021500Z,ohmynews.com,Korean,IND,USA,0.0,2026-04-02T14:38:32.866627
https://interaksyon.philstar.com/politics-issues/2026/04/01/311416/asia-barters-for-scarce-energy-as-iran-crisis-throttles-supplies/,Asia barters for scarce energy as Iran crisis throttles supplies,20260401T020000Z,interaksyon.philstar.com,English,IND,JPN,0.0,2026-04-01T12:03:25.172344
https://indianexpress.com/article/opinion/columns/india-must-reboot-neighbourhood-policy-trade-is-the-key-10612233/,India must reboot neighbourhood policy trade is the key,20260401T011500Z,indianexpress.com,English,IND,USA,0.0,2026-04-07T06:52:08.833984
https://island.lk/boots-on-the-groundminds-in-the-dark/,"Boots on the ground , minds in the dark",20260401T003000Z,island.lk,English,IND,SGP,0.0,2026-04-07T07:53:17.977341
https://oilprice.com/Latest-Energy-News/World-News/India-Boosts-Diesel-Exports-to-Southeast-Asia-to-7-Year-High.html,India Boosts Diesel Exports to Southeast Asia to 7 - Year High,20260331T213000Z,oilprice.com,English,IND,SGP,0.0,2026-04-01T12:00:29.962145
https://economictimes.indiatimes.com/opinion/et-commentary/unlocking-161-billion-what-india-must-do-to-boost-china-exports/articleshow/129933459.cms,Unlocking $161 billion : What India must do to boost China exports,20260331T184500Z,economictimes.indiatimes.com,English,DEU,CHN,0.0,2026-04-07T08:24:07.228230
https://www.ntdtv.com/b5/2026/03/31/a104081645.html, 【 名家專欄 】 對盟友袖手旁觀 中共是紙老虎 | 戰略夥伴 | 交易外交 | 領導力危機,20260331T134500Z,ntdtv.com,Chinese,IND,DEU,0.0,2026-04-01T12:00:50.567611
https://www.cna.com.tw/news/afe/202603310348.aspx,台美貿易協議僅限美製進口車降關稅 經部不建議全面開放 | 產經,20260331T130000Z,cna.com.tw,Chinese,IND,JPN,0.0,2026-04-02T09:48:36.540690
https://www.thespiritsbusiness.com/2026/03/uk-whisky-exports-drop-in-2025-as-gin-grows/,UK whisky exports drop in 2025 as gin grows - The Spirits Business,20260331T130000Z,thespiritsbusiness.com,English,IND,GBR,0.0,2026-04-06T21:29:44.825122
https://www.cna.com.tw/news/aipl/202603310247.aspx,總統 ： 盼台英深化經貿合作 英國續挺台加入CPTPP | 政治,20260331T123000Z,cna.com.tw,Chinese,IND,GBR,0.0,2026-04-01T12:01:27.311113
http://www.governancenow.com/views/columns/indiauk-fta-a-strategic-reset-for-bilateral-growth-trade-expansion,"India – UK FTA : A strategic reset for bilateral growth , trade expansion",20260331T121500Z,governancenow.com,English,IND,GBR,0.0,2026-04-02T14:44:14.042442
https://baijiahao.baidu.com/s?id=1861143123628197159,深圳外贸前2个月实现  开门红  ,20260331T113000Z,baijiahao.baidu.com,Chinese,CHN,JPN,0.0,2026-04-07T08:24:19.779377
https://www.bollywoodhungama.com/news/bollywood/hong-kong-multiplex-announces-dhurandhar-marathon-screening-amid-global-success-dhurandhar-revenge/,Hong Kong multiplex announces Dhurandhar marathon screening amid global success of Dhurandhar The Revenge : Bollywood News,20260331T113000Z,bollywoodhungama.com,English,IND,HKG,0.0,2026-04-07T07:53:19.925847
https://baijiahao.baidu.com/s?id=1861171721284273171,中国贸促会 ： 2025年全球经贸摩擦指数在12个月份均处高位 ， 电子 、 机械设备等行业是引发经贸摩擦主要领域,20260331T103000Z,baijiahao.baidu.com,Chinese,CHN,JPN,0.0,2026-04-07T08:24:19.779422
https://www.thehindubusinessline.com/economy/diesel-exports-to-se-asia-hit-7-year-high-in-march-due-to-iran-war/article70806412.ece,Diesel exports to SE Asia hit 7 - year high in March due to Iran war,20260331T101500Z,thehindubusinessline.com,English,IND,SGP,0.0,2026-04-07T07:53:17.977282
https://www.antaranews.com/berita/5502971/agrinas-impor-160-ribu-pikap-kopdes-dari-india-china-dan-jepang,"Agrinas : Impor 160 ribu pikap kopdes dari India , China , dan Jepang",20260331T091500Z,antaranews.com,Indonesian,IND,JPN,0.0,2026-04-02T21:55:48.244017
http://news.china.com.cn/2026-03/31/content_118411572.html,中国发布丨中国贸促会 ： 全球经贸摩擦指数受到美国对等关税剧烈  搅动 - 中国网,20260331T091500Z,news.china.com.cn,Chinese,CHN,JPN,0.0,2026-04-07T08:24:19.779397
https://www.yeniakit.com.tr/haber/dis-ticaret-istatistikleri-aciklandi-ihracat-21-milyar-dolari-asti-1992537.html,Dış ticaret istatistikleri açıklandı ! İhracat 21 milyar doları aştı,20260331T091500Z,yeniakit.com.tr,Turkish,DEU,CHN,0.0,2026-04-07T08:24:07.228313
https://www.dunya.com/ekonomik-veriler/tuik-subatta-dis-ticaret-acigi-buyudu-haberi-819995,TÜİK : Şubatta dış ticaret açığı büyüdü - Dünya Gazetesi,20260331T084500Z,dunya.com,Turkish,DEU,CHN,0.0,2026-04-07T08:24:07.228271
https://money.kompas.com/read/2026/03/31/152548926/agrinas-impor-160000-mobil-dari-india-jepang-dan-china-untuk-kopdes,"Agrinas Impor 160 . 000 Mobil dari India , Jepang , dan China untuk Kopdes",20260331T084500Z,money.kompas.com,Indonesian,IND,JPN,0.0,2026-04-06T17:54:56.729447
https://www.edaily.co.kr/News/Read?newsId=05471046645388896&mediaCodeNo=257,"가솔린 · 경유 , 아프리카 · 유럽서 품귀 … 호주서는 한달새 40 % 급등",20260331T084500Z,edaily.co.kr,Korean,IND,JPN,0.0,2026-04-01T12:03:25.172289
https://www.haberler.com/ekonomi/subat-ayi-dis-ticaret-verileri-aciklandi-19701846-haberi/,Dış ticaret istatistikleri,20260331T083000Z,haberler.com,Turkish,DEU,CHN,0.0,2026-04-07T08:24:07.228291
https://24tv.ua/economy/ssha-prigrozili-kanadi-chomu-kitayski-avtomobili-ne-zmozhut-zavoziti_n3039436,США пригрозили Канаді - чому китайські автомобілі не зможуть завозити до США,20260331T080000Z,24tv.ua,Ukrainian,USA,CHN,0.0,2026-04-06T17:57:11.934601
https://www.foodmanufacture.co.uk/Article/2026/03/31/uk-food-and-drink-exports-hit-record-value-but-still-lag-behind-pre-brexit-volumes/,"UK food and drink exports hit record value , but still lag behind pre - Brexit volumes . ",20260331T034500Z,foodmanufacture.co.uk,English,IND,GBR,0.0,2026-04-01T12:01:27.311132
https://baijiahao.baidu.com/s?id=1860704262652446424,美以 、 伊朗冲突持续 ， 损失最大的竟是印度 ？ ,20260330T224500Z,baijiahao.baidu.com,Chinese,IND,USA,0.0,2026-04-01T11:59:14.013115
https://www.epochtimes.com/b5/26/3/30/n14730985.htm, 【 名家專欄 】 對盟友袖手旁觀 中共是紙老虎,20260330T213000Z,epochtimes.com,Chinese,IND,DEU,0.0,2026-04-01T16:49:42.918385
https://www.thedailystar.net/business/economy/news/stagnant-saarc-exports-reveal-bangladeshs-trade-risks-4138761,Bangladesh Trade with Saarc Countries | Stagnant Saarc exports reveal Bangladesh trade risks,20260330T123000Z,thedailystar.net,English,IND,HKG,0.0,2026-04-06T17:29:31.811641
https://www.washingtonexaminer.com/policy/energy/4507428/countries-energy-shortages-asian-crisis/,How countries are combating energy shortages :  An Asian crisis  ,20260330T113000Z,washingtonexaminer.com,English,IND,SGP,0.0,2026-04-01T16:48:49.662462
https://www.chunichi.co.jp:443/article/1230456,中国で日本製釣り具が人気 輸出額６年で３倍超の１８２億円 ： 中日新聞Web,20260330T100000Z,chunichi.co.jp,Japanese,CHN,JPN,0.0,2026-04-06T14:40:41.202632
https://www.antaranews.com/berita/5500958/ekonom-kunjungan-prabowo-ke-jepang-perkuat-perdagangan,Ekonom : Kunjungan Prabowo ke Jepang perkuat perdagangan,20260330T100000Z,antaranews.com,Indonesian,IND,JPN,0.0,2026-04-06T14:37:59.671031
https://www.jagran.com/business/biz-india-eyes-angola-for-lpg-lng-amid-west-asia-crisis-40188759.html,"LPG Crisis : इस गुमनाम अफ्रीकी देश ने भारत की तरफ बढ़ाया हाथ , रसोई गैस की भारी किल्लत के बीच करेगा LPG सप्लाई ? - india eyes angola for lpg lng amid west asia crisis",20260330T100000Z,jagran.com,Hindi,IND,USA,0.0,2026-04-02T21:46:44.983477
https://www.ohmynews.com/NWS_Web/View/at_pg.aspx?CNTN_CD=A0003217901&SRS_CD=0000021949&CMPT_CD=M0153,"미국서 인기 있는 한국산 굴 · 김 , 이렇게 만들어지는 거 알까",20260330T091500Z,ohmynews.com,Korean,IND,USA,0.0,2026-04-02T21:46:44.983480
https://finance.sina.com.cn/roll/2026-03-30/doc-inhsttrh2910885.shtml,马斯克旗下AI公司初创  11罗汉  全部离职｜首席资讯日报 _ 新浪财经 _ 新浪网,20260330T061500Z,finance.sina.com.cn,Chinese,DEU,CHN,0.0,2026-04-06T10:46:44.726582
https://www.tempo.co/ekonomi/ekonom-dorong-ri-perkuat-hubungan-dagang-dengan-jepang-2125242,Ekonom Dorong RI Perkuat Hubungan Dagang dengan Jepang,20260330T060000Z,tempo.co,Indonesian,CHN,JPN,0.0,2026-04-06T10:47:02.083311
https://www.prokerala.com/news/articles/a1744998.html,"Crude oil prices jump over 3 pc , nears 52 - week high",20260330T060000Z,prokerala.com,English,IND,HKG,0.0,2026-04-01T11:59:53.231928
https://www.qstheory.cn/20260330/72960bbb7c944212848859b659e90443/c.html,全球贸易格局的四大变化 - 求是网,20260330T043000Z,qstheory.cn,Chinese,USA,CHN,0.0,2026-04-06T09:37:07.805917
https://www.nzherald.co.nz/business/companies/energy/government-wont-stand-in-the-way-of-companies-potentially-importing-fuel-with-russian-origins/premium/7VHZRR24YVALHDFH5TAC2E4V4U/,Government wont stand in the way of companies potentially importing fuel with Russian origins,20260330T033000Z,nzherald.co.nz,English,IND,SGP,0.0,2026-04-05T08:13:16.686016
https://finance.ettoday.net/news/3140543,印度阿達尼集團開設該國第一個避難港 解決海上應急設施缺口 | ETtoday財經雲,20260330T011500Z,finance.ettoday.net,Chinese,IND,HKG,0.0,2026-04-05T06:12:12.708151
https://www.alriyadh.com/2181178,جريدة الرياض | إضافة 3 خدمات شحن ملاحية إلى ميناء جدة الإسلامي وميناء الملك عبدالله,20260329T223000Z,alriyadh.com,Arabic,IND,GBR,0.0,2026-04-04T11:55:07.429941
https://www.jugantor.com/tp-firstpage/1082440,দশ বছরে সাড়ে ৮ লাখ কোটি টাকা পাচার,20260329T211500Z,jugantor.com,Bengali,IND,USA,0.0,2026-04-01T11:59:14.013121
https://www.reporter.gr/eidhseis/oikonomia/670500-ta-nea-deal-tis-ee-allazoun-ton-emporiko-xarti-pos-epireazetai-i-ellada,Τα νέα deal της ΕΕ αλλάζουν τον εμπορικό χάρτη – Πώς επηρεάζεται η Ελλάδα,20260329T143000Z,reporter.gr,Greek,IND,DEU,0.0,2026-04-01T12:00:50.567617
http://www.nashfm923krst.com/html/58a4899893.html,留存伊斯兰教清净寺 、 佛教开元寺 、 印度教石刻 、 摩尼教草庵等遗迹 - 奉若神明网,20260329T143000Z,nashfm923krst.com,Chinese,IND,HKG,0.0,2026-04-05T06:12:12.708206
"https://www.wnp.pl/energia/gorniczy-hegemon-musi-kopac-coraz-glebiej-polskie-gornictwo-mogloby-na-tym-skorzystac,1044344.html",Górniczy hegemon musi kopać coraz głębiej . Polskim firmom trafia się ogromna szansa,20260329T111500Z,wnp.pl,Polish,IND,DEU,0.0,2026-04-01T12:00:50.567622
https://www.vecernji.ba/vijesti/ma-je-li-moguce-omiljeni-napitak-bi-mogao-pojeftiniti-u-bih-evo-sto-kazu-podaci-1944916,"Ma je li moguće ? Omiljeni napitak bi mogao pojeftiniti u BiH , evo što kažu podaci",20260329T091500Z,vecernji.ba,Bosnian,IND,DEU,0.0,2026-04-05T09:14:16.752951
https://tribune.com.pk/story/2599842/auto-surplus-drives-export-urgency,Auto surplus drives export urgency,20260329T080000Z,tribune.com.pk,English,IND,CHN,0.0,2026-04-02T21:47:16.701071
https://baijiahao.baidu.com/s?id=1860857683743281930,聚焦数字经济 ， 欧洲议会代表团即将访华,20260329T024500Z,baijiahao.baidu.com,Chinese,DEU,CHN,0.0,2026-04-04T11:59:35.222784
https://economictimes.indiatimes.com/epaper/delhicapital/2026/mar/29/sunet-front/smartphone-pli-surpasses-targets-turns-out-to-be-right-call-for-india/articleshow/129872239.cms,"Smartphone PLI Surpasses Targets , Turns Out to be Right Call for India",20260329T013000Z,economictimes.indiatimes.com,English,IND,CHN,0.0,2026-04-01T11:59:19.742791
https://www.hinews.cn:443/page?n=2811223&m=1&s=1044,封关政策红利为海口国家高新区企业带来真金白银 ， 推动产业加速集聚 - 南海网,20260329T013000Z,hinews.cn,Chinese,IND,HKG,0.0,2026-04-05T06:12:12.708087
https://island.lk/tribute-to-a-distinguished-boi-leader/,Tribute to a distinguished BOI leader,20260329T001500Z,island.lk,English,IND,GBR,0.0,2026-04-04T11:55:07.429962
https://www.bd-pratidin.com/first-page/2026/03/29/1232427,জ্বালানি ব্যয় বৃদ্ধিতে বাড়ছে শিপিং ভাড়া | | বাংলাদেশ প্রতিদিন,20260328T200000Z,bd-pratidin.com,Bengali,USA,CHN,0.0,2026-04-02T18:37:48.262814
https://navbharattimes.indiatimes.com/business/business-news/moodys-warning-red-alert-for-india-china-economic-stress-due-to-west-asia-crisis-details/articleshow/129869517.cms,"Moody Warning : भारत - चीन के लिए बजी खतरे की घंटी , एक और संकट की आहट , मूडीज ने किया आगाह",20260328T191500Z,navbharattimes.indiatimes.com,Hindi,IND,JPN,0.0,2026-04-01T12:03:25.172328
https://aninews.in/news/world/others/india-pitches-people-centric-fisheries-approach-at-wto-ministerial-conference20260328213538/,India pitches people - centric fisheries approach at WTO ministerial conference,20260328T180000Z,aninews.in,English,IND,GBR,0.0,2026-04-01T12:01:27.311122
https://www.cna.com.tw/news/aopl/202603280122.aspx,川習會與期中選舉前 川普稱為農民取得貿易勝利 | 國際,20260328T111500Z,cna.com.tw,Chinese,USA,CHN,0.0,2026-04-01T12:05:20.075688
https://baijiahao.baidu.com/s?id=1860799610297021504,海南自贸港封关百日 制度型开放红利加快释放,20260328T103000Z,baijiahao.baidu.com,Chinese,CHN,JPN,0.0,2026-04-04T11:59:40.320031
https://www.cna.com.tw:443/news/aopl/202603280122.aspx,川習會與期中選舉前 川普稱為農民取得貿易勝利 | 國際,20260328T093000Z,cna.com.tw,Chinese,USA,CHN,0.0,2026-04-01T12:05:20.075697
https://www.deccanchronicle.com/business/eu-quota-cut-and-tariff-hike-along-with-cbam-challenges-exporters-1946848,EU Quota Cut And Tariff Hike Along With CBAM Challenges Exporters,20260328T090000Z,deccanchronicle.com,English,IND,CHN,0.0,2026-04-01T11:59:19.742785
https://www.chinatimes.com/realtimenews/20260328001981-260410,歐盟代表團訪大陸 ！ 鎖定 「 電商三巨頭 」 談監管 希音 、 阿里 、 Temu遭點名 - 要聞,20260328T090000Z,chinatimes.com,Chinese,DEU,CHN,0.0,2026-04-01T11:55:51.760304
https://www.chinatimes.com/realtimenews/20260328001634-260410,中印邊境破冰首解禁 印度國企 「 回頭 」 狂掃大陸關鍵設備 - 財經,20260328T083000Z,chinatimes.com,Chinese,IND,CHN,0.0,2026-04-01T11:59:19.742797
https://economictimes.indiatimes.com/small-biz/trade/exports/insights/india-us-trade-agreement-designed-to-protect-domestic-sensitivities-govt-tells-ls/articleshow/129859328.cms,India - US trade agreement designed to protect domestic sensitivities : Govt tells LS,20260328T061500Z,economictimes.indiatimes.com,English,IND,USA,0.0,2026-04-04T11:41:04.821802
https://baijiahao.baidu.com/s?id=1860740219418932418,2025年欧盟货物贸易顺差1280亿欧元 中国为最大进口来源国,20260328T053000Z,baijiahao.baidu.com,Chinese,DEU,CHN,0.0,2026-04-04T06:40:33.021672
https://www.ukrinform.ua/rubric-world/4106462-india-shvalila-vijskovi-zakupivli-na-25-milardiv.html,Індія схвалила військові закупівлі на $25 мільярдів,20260328T043000Z,ukrinform.ua,Ukrainian,IND,DEU,0.0,2026-04-01T12:00:50.567628
https://vietnamnet.vn/en/vietnam-steps-up-rice-market-diversification-through-ftas-2501121.html,Vietnam steps up rice market diversification through FTAs,20260328T040000Z,vietnamnet.vn,English,CHN,JPN,0.0,2026-04-04T06:41:32.207592
https://hunan.voc.com.cn/news/202603/31844070.html, 【 开局八好 乘势而上 】 怀化前两月农产品出口同比增近六成 增速居全省第二 - 要闻 - 湖南在线,20260328T024500Z,hunan.voc.com.cn,Chinese,IND,HKG,0.0,2026-04-02T21:49:24.659812
https://udn.com/news/story/7333/9408142,2020年邊境衝突後首度解禁 印度國有企業昨向中國購買關鍵設備 | 陸港經貿 | 兩岸,20260328T011500Z,udn.com,Chinese,IND,HKG,0.0,2026-04-04T00:35:15.456548
http://www.cfi.net.cn/p20260328000002.html,商务部部长王文涛会见印度商工部长高耶尔 - CFi . CN 中财网,20260328T011500Z,cfi.net.cn,Chinese,IND,CHN,0.0,2026-04-04T00:33:15.508430
https://baijiahao.baidu.com/s?id=1860818484036246268,新华全媒头条｜向着高水平对外开放加速迈进 海南自贸港封关百日观察,20260327T193000Z,baijiahao.baidu.com,Chinese,CHN,JPN,0.0,2026-04-03T23:30:15.044591
https://www.chunichi.co.jp:443/article/1229198,中国商務省 、 米に対抗調査を開始 貿易障壁で供給網を破壊疑い ： 中日新聞Web,20260327T151500Z,chunichi.co.jp,Japanese,CHN,JPN,0.0,2026-04-03T19:51:52.723263
https://www.ocregister.com/2026/03/27/china-investigations-us-trade-practices/,China opens investigations into US trade practices due to tariffs,20260327T133000Z,ocregister.com,English,USA,CHN,0.0,2026-04-01T12:05:20.075674
https://www.rediff.com/business/report/indias-economic-growth-to-exceed-7-in-fy27-driven-by-domestic-demand/20260327.htm,"India Economic Growth to Exceed 7 % in FY27 , Driven by Domestic Demand",20260327T130000Z,rediff.com,English,IND,DEU,0.0,2026-04-01T16:49:42.918366
https://m.tech.china.com/redian/2026/0327/032026_1834935.html,跨境电商收款用PingPong : 创新支付服务助力企业降本增效拓展国际市场 _ 中华网,20260327T120000Z,m.tech.china.com,Chinese,IND,SGP,0.0,2026-04-01T12:00:29.962136
https://www.bnnbloomberg.ca/tariffs/2026/03/27/china-opens-investigations-into-us-trade-practices-in-response-to-trump-tariff-moves/,Trump tariffs : China investigating U . S . trade practices,20260327T120000Z,bnnbloomberg.ca,English,USA,CHN,0.0,2026-04-01T12:05:20.075679
https://theshillongtimes.com/2026/03/27/eam-jaishankar-highlights-imecs-role-in-strengthening-global-connectivity-amid-west-asia-conflict/,EAM Jaishankar highlights IMEC role in strengthening global connectivity amid West Asia conflict,20260327T114500Z,theshillongtimes.com,English,IND,GBR,0.0,2026-04-01T12:01:27.311141
https://www.businessworld.in/article/prolonged-middle-east-conflict-to-hit-growth-inflation-in-developing-asia-adb-599582,"Prolonged Middle East Conflict To Hit Growth , Inflation In Developing Asia : ADB",20260327T114500Z,businessworld.in,English,IND,SGP,0.0,2026-04-02T21:52:04.530177
https://finance.sina.com.cn/tech/roll/2026-03-27/doc-inhsmamz8424912.shtml,香港居民疯抢国产电动车,20260327T061500Z,finance.sina.com.cn,Chinese,IND,HKG,0.0,2026-04-01T11:59:53.231922
https://portal.sina.com.hk/technology/sina/2026/03/27/1645343/%E9%A6%99%E6%B8%AF%E5%B1%85%E6%B0%91%E7%98%8B%E6%90%B6%E5%9C%8B%E7%94%A2%E9%9B%BB%E5%8B%95%E8%BB%8A/,香港居民瘋搶國產電動車,20260327T061500Z,portal.sina.com.hk,Chinese,IND,HKG,0.0,2026-04-01T16:46:50.740929
https://baijiahao.baidu.com/s?id=1860790883059164870, 「 央广网 」 跨国公司负责人密集来华访问 来中国投资成为跨国公司战略发展  必选项  ,20260327T054500Z,baijiahao.baidu.com,Chinese,DEU,CHN,0.0,2026-04-02T18:39:54.457906
https://www.163.com/dy/article/KOVAAC66051492T3.html,中东战火外溢亚洲 ： 印度石油储备只够9 . 5天 ， 韩国号召民众缩短洗澡时间,20260327T000000Z,163.com,Chinese,IND,SGP,0.0,2026-04-01T12:00:29.962165
https://www.kommersant.ru/doc/8535885,Войне с китайским перепроизводством подобрали аргументы,20260327T000000Z,kommersant.ru,Russian,IND,DEU,0.0,2026-04-02T21:52:31.270745
https://auto.cnr.cn/2015xc/20260327/t20260327_527563802.shtml,中欧汽车贸易迎转折 ： 欧洲自华进口首超对华出口 _ 央广网,20260326T234500Z,auto.cnr.cn,Chinese,DEU,CHN,0.0,2026-04-02T18:39:54.457948
https://www.gdnonline.com:443/Details/1379642,International Business : Saudi non - oil exports rise 22 . 1pc in January,20260326T230000Z,gdnonline.com,English,IND,DEU,0.0,2026-04-02T21:52:31.270693
https://timesofindia.indiatimes.com/city/coimbatore/solar-panel-costs-may-rise-due-to-volatile-metal-prices-supply-uncertainties/articleshow/129830213.cms,"  Solar panel costs may rise due to volatile metal prices , supply uncertaintie | Coimbatore News",20260326T211500Z,timesofindia.indiatimes.com,English,IND,DEU,0.0,2026-04-01T12:00:50.567634
https://baijiahao.baidu.com/s?id=1860716596032291048,跨国巨头密集访华 、 外资加码中国市场 ， 商务部回应,20260326T203000Z,baijiahao.baidu.com,Chinese,CHN,JPN,0.0,2026-04-02T18:40:58.000126
https://www.mzamin.com/article/7230/%E0%A6%A4%E0%A7%88%E0%A6%B0%E0%A6%BF-%E0%A6%AA%E0%A7%8B%E0%A6%B6%E0%A6%BE%E0%A6%95-%E0%A6%B0%E0%A6%AA%E0%A7%8D%E0%A6%A4%E0%A6%BE%E0%A6%A8%E0%A6%BF%E0%A6%A4%E0%A7%87-%E0%A6%A7%E0%A6%BE%E0%A6%95%E0%A7%8D%E0%A6%95%E0%A6%BE,তৈরি পোশাক রপ্তানিতে ধাক্কা,20260326T194500Z,mzamin.com,Bengali,IND,CHN,0.0,2026-04-01T20:34:15.022373
https://www.euronews.com/my-europe/2026/03/26/not-so-fast-brussels-snubs-merzs-suggestion-for-eu-china-trade-deal,Not so fast : Brussels snubs Merz suggestion for EU - China trade deal,20260326T184500Z,euronews.com,English,DEU,CHN,0.0,2026-04-01T11:55:51.760331
https://www.taipeitimes.com/News/taiwan/archives/2026/03/27/2003854559,Think tank urges Foreign Trade Act amendment,20260326T163000Z,taipeitimes.com,English,CHN,JPN,0.0,2026-04-01T12:06:23.981515
http://www.nashfm923krst.com/html/89c899902.html,开放平台 ： 拥有西安国际港务区 、 综合保税区 、 自由贸易试验区等多个高水平开放平台 - 奉若神明网,20260326T144500Z,nashfm923krst.com,Chinese,CHN,JPN,0.0,2026-04-01T12:06:23.981510
https://www.hespress.com/%D8%AA%D9%82%D8%B1%D9%8A%D8%B1-%D8%A7%D9%84%D8%A7%D8%B6%D8%B7%D8%B1%D8%A7%D8%A8%D8%A7%D8%AA-%D9%81%D9%8A-%D8%B3%D9%84%D8%A7%D8%B3%D9%84-%D8%A7%D9%84%D8%A5%D9%85%D8%AF%D8%A7%D8%AF%D8%A7%D8%AA-%D8%AA-1720707.html,تقرير : الاضطرابات في سلاسل الإمدادات تهدد صادرات الأسمدة المغربية,20260326T143000Z,hespress.com,Arabic,IND,GBR,0.0,2026-04-02T14:44:14.042404
https://finance.yahoo.com/economy/policy/articles/china-says-retaliate-against-mexicos-084804690.html,China says it has right to retaliate against Mexico tariff hikes,20260326T141500Z,finance.yahoo.com,English,USA,CHN,0.0,2026-04-02T18:37:48.262732
https://www.rediff.com/business/report/india-launches-investigation-into-subsidised-paperboard-imports-impact-on-domestic-industry/20260326.htm,India Launches Investigation into Subsidised Paperboard Imports : Impact on Domestic Industry,20260326T133000Z,rediff.com,English,IND,CHN,0.0,2026-04-02T14:38:55.038417
https://finance.sina.com.cn/wm/2026-03-26/doc-inhsikau2811697.shtml,中东战火外溢亚洲 ： 印度石油储备只够9 . 5天 ， 韩国号召民众缩短洗澡时间 ， 避免在夜间给手机和电动汽车充电,20260326T123000Z,finance.sina.com.cn,Chinese,IND,SGP,0.0,2026-04-01T12:00:29.962155
https://www.yicai.com/news/103105864.html,跨国巨头密集访华 、 外资加码中国市场 ， 商务部回应,20260326T101500Z,yicai.com,Chinese,CHN,JPN,0.0,2026-04-02T13:36:21.368398
https://www.stcn.com/article/detail/3700146.html,霍尔木兹海峡 ， 重磅来袭 ！ 伊朗宣布 ， 这些国家的船只安全通过 ！ 沙特阿美也有突发 ！ ,20260326T101500Z,stcn.com,Chinese,IND,HKG,0.0,2026-04-02T14:40:47.994735
https://www.ibtimes.com.au/10-countries-suffering-biggest-economic-losses-us-iran-war-1864507,10 Countries Suffering Biggest Economic Losses From US - Iran War,20260326T093000Z,ibtimes.com.au,English,IND,DEU,0.0,2026-04-02T14:43:32.106697
https://www.thehindubusinessline.com/economy/mercosur-steps-up-trade-talks-with-india-and-united-arab-emirates/article70787196.ece,Mercosur steps up trade talks with India and United Arab Emirates,20260326T091500Z,thehindubusinessline.com,English,IND,USA,0.0,2026-04-02T14:38:32.866646
https://www.etnews.com/20260325000490,"무역위 , 日 · 中 산업용 로봇에 19 . 85 % 덤핑관세 부과 건의",20260326T091500Z,etnews.com,Korean,CHN,JPN,0.0,2026-04-01T12:06:23.981525
https://aninews.in/news/world/others/mercosur-steps-up-trade-talks-with-united-arab-emirates-and-india20260326124504/,Mercosur steps up trade talks with United Arab Emirates and India,20260326T091500Z,aninews.in,English,IND,USA,0.0,2026-04-01T11:59:14.013103
https://news.webindia123.com/news/Articles/World/20260326/4431710.html,Mercosur steps up trade talks with United Arab Emirates and India,20260326T084500Z,news.webindia123.com,English,IND,USA,0.0,2026-04-01T14:48:47.279344
http://futures.cnfol.com/qishidongtai/20260326/32100799.shtml,产油大国竟缺燃油 ： 澳大利亚成品油进口崩盘 ， 紧急向美国求救 _ 期市动态 _ 期货 _ 中金在线,20260326T081500Z,futures.cnfol.com,Chinese,IND,HKG,0.0,2026-04-01T11:59:53.231925
https://www.newkerala.com/news/a/mercosur-steps-up-trade-talks-united-arab-emirates-839.htm,Mercosur Trade Talks Advance with India and UAE,20260326T080000Z,newkerala.com,English,IND,USA,0.0,2026-04-01T11:59:14.013126
https://internasional.kompas.com/read/2026/03/26/120402270/jerman-getol-impor-pekerja-dari-india-imbas-kekurangan-tenaga-kerja,"Jerman Getol Impor Pekerja dari India , Imbas Kekurangan Tenaga Kerja",20260326T054500Z,internasional.kompas.com,Indonesian,IND,DEU,0.0,2026-04-02T09:42:45.799123
https://military.china.com/news/13004177/20260326/49356847.html,冯德莱恩反对中国增长模式 外交部回应 望欧方理性看待 _ 军事频道 _ 中华网,20260326T023000Z,military.china.com,Chinese,DEU,CHN,0.0,2026-04-01T11:55:51.760322
https://baijiahao.baidu.com/s?id=1860637514152919810,吴龙华的  甜蜜烦恼  ,20260326T013000Z,baijiahao.baidu.com,Chinese,IND,CHN,0.0,2026-04-01T20:34:15.022297
https://www.argusmedia.com/en/news-and-insights/energy-and-commodity-podcasts/turkey-flat-steel-market-trade-shifts-2026,Turkey Flat Steel Trade Patterns for 2026,20260326T011500Z,argusmedia.com,English,IND,GBR,0.0,2026-04-01T16:51:03.036406
https://news.hangzhou.com.cn/jjxw/content/2026-03/26/content_9197107.htm,鲅鱼圈出圈了 ！ 走进东北最大的化肥中转枢纽,20260326T004500Z,news.hangzhou.com.cn,Chinese,IND,HKG,0.0,2026-04-02T00:46:11.373553
https://www.cnbc.com/2026/03/26/ikea-has-high-hopes-for-india-as-it-stares-a-global-slowdown.html,Ikea has high hopes for India as it stares a global slowdown,20260326T004500Z,cnbc.com,English,IND,CHN,0.0,2026-04-01T11:59:19.742805
https://www.freshplaza.com/north-america/article/9823310/interfresh-eurasia-to-take-place-between-8-and-10-september-in-izmir/,Interfresh Eurasia to take place between 8 and 10 September in Izmir,20260325T154500Z,freshplaza.com,English,IND,SGP,0.0,2026-04-01T16:48:49.662482
https://www.thehindubusinessline.com/economy/agri-business/chinas-gmo-rejection-of-indian-rice-trade-dispute-quality-issue-or-something-else/article70783526.ece,"China GMO rejection of Indian rice : trade dispute , quality issue , or something else ? ",20260325T123000Z,thehindubusinessline.com,English,IND,CHN,0.0,2026-04-01T16:44:34.481929
https://n.yam.com/Article/20260325748074,日本首相高市早苗與川普通話 聚焦台海緊張及美中互動,20260325T113000Z,n.yam.com,Chinese,CHN,JPN,0.0,2026-04-01T12:06:23.981531
https://www.thecable.ng/non-oil-exporters-fault-policy-gaps-seek-coordinated-system-to-unlock-afcfta-opportunities/,"Non - oil exporters fault policy gaps , seek coordinated system to unlock AfCFTA opportunities",20260325T111500Z,thecable.ng,English,IND,GBR,0.0,2026-04-01T12:01:27.311103
https://trak.in/stories/argentina-emerges-as-key-provider-of-lpg-as-shipments-double-in-3-months/,"Argentina Emerges As Key Provider Of LPG As Shipments Double In 3 Months - Trak . in - Indian Business of Tech , Mobile & Startups",20260325T091500Z,trak.in,English,IND,USA,0.0,2026-04-01T13:27:38.892801
https://www.prokerala.com/news/articles/a1743231.html,Global crude oil plunges up to 7 pc on ceasefire hopes,20260325T071500Z,prokerala.com,English,IND,HKG,0.0,2026-04-01T11:59:53.231910
